<?xml version="1.0"?>
<Game_x0020_Data_x0020_Collection xmlns:xsd="http://www.w3.org/2001/XMLSchema" xmlns:xsi="http://www.w3.org/2001/XMLSchema-instance">
  <_position>
    <x>0</x>
    <y>0.9302325</y>
    <z>2.0657639E-19</z>
  </_position>
  <_rotation>
    <x>0</x>
    <y>0</y>
    <z>0</z>
    <w>1</w>
    <eulerAngles>
      <x>-0</x>
      <y>0</y>
      <z>0</z>
    </eulerAngles>
  </_rotation>
  <Dialogue>
    <Text>Hello</Text>
    <Text>World</Text>
  </Dialogue>
</Game_x0020_Data_x0020_Collection>